-- Meeting Room System demo seed data.
-- Import after schema.sql. All demo users use password: 123456.

USE `meeting_system`;
SET NAMES utf8mb4;
SET FOREIGN_KEY_CHECKS = 0;

TRUNCATE TABLE `notification`;
TRUNCATE TABLE `reservation_review`;
TRUNCATE TABLE `reservation_device`;
TRUNCATE TABLE `reservation_participant`;
TRUNCATE TABLE `room_device`;
TRUNCATE TABLE `reservation`;
TRUNCATE TABLE `meeting_room`;
TRUNCATE TABLE `device`;
TRUNCATE TABLE `sys_user`;

SET FOREIGN_KEY_CHECKS = 1;

INSERT INTO `sys_user` (`id`, `username`, `display_name`, `password_hash`, `role`, `status`, `created_at`, `updated_at`, `is_deleted`) VALUES (1,'admin','系统管理员','sha256:8d969eef6ecad3c29a3a629280e686cf0c3f5d5a86aff3ca12020c923adc6c92',2,1,'2026-05-01 09:00:00','2026-05-18 09:00:00',0);
INSERT INTO `sys_user` (`id`, `username`, `display_name`, `password_hash`, `role`, `status`, `created_at`, `updated_at`, `is_deleted`) VALUES (2,'zhangsan','张三','sha256:8d969eef6ecad3c29a3a629280e686cf0c3f5d5a86aff3ca12020c923adc6c92',1,1,'2026-05-01 09:05:00','2026-05-18 09:00:00',0);
INSERT INTO `sys_user` (`id`, `username`, `display_name`, `password_hash`, `role`, `status`, `created_at`, `updated_at`, `is_deleted`) VALUES (3,'lisi','李四','sha256:8d969eef6ecad3c29a3a629280e686cf0c3f5d5a86aff3ca12020c923adc6c92',1,1,'2026-05-01 09:10:00','2026-05-18 09:00:00',0);
INSERT INTO `sys_user` (`id`, `username`, `display_name`, `password_hash`, `role`, `status`, `created_at`, `updated_at`, `is_deleted`) VALUES (4,'wangwu','王五','sha256:8d969eef6ecad3c29a3a629280e686cf0c3f5d5a86aff3ca12020c923adc6c92',1,1,'2026-05-01 09:15:00','2026-05-18 09:00:00',0);
INSERT INTO `sys_user` (`id`, `username`, `display_name`, `password_hash`, `role`, `status`, `created_at`, `updated_at`, `is_deleted`) VALUES (5,'zhaoliu','赵六','sha256:8d969eef6ecad3c29a3a629280e686cf0c3f5d5a86aff3ca12020c923adc6c92',1,1,'2026-05-01 09:20:00','2026-05-18 09:00:00',0);
INSERT INTO `sys_user` (`id`, `username`, `display_name`, `password_hash`, `role`, `status`, `created_at`, `updated_at`, `is_deleted`) VALUES (6,'qianqi','钱七','sha256:8d969eef6ecad3c29a3a629280e686cf0c3f5d5a86aff3ca12020c923adc6c92',1,1,'2026-05-01 09:25:00','2026-05-18 09:00:00',0);
INSERT INTO `sys_user` (`id`, `username`, `display_name`, `password_hash`, `role`, `status`, `created_at`, `updated_at`, `is_deleted`) VALUES (7,'opsadmin','运营管理员','sha256:8d969eef6ecad3c29a3a629280e686cf0c3f5d5a86aff3ca12020c923adc6c92',2,1,'2026-05-01 09:30:00','2026-05-18 09:00:00',0);
INSERT INTO `sys_user` (`id`, `username`, `display_name`, `password_hash`, `role`, `status`, `created_at`, `updated_at`, `is_deleted`) VALUES (8,'sunqi','孙七','sha256:8d969eef6ecad3c29a3a629280e686cf0c3f5d5a86aff3ca12020c923adc6c92',1,0,'2026-05-01 09:35:00','2026-05-18 09:00:00',0);
INSERT INTO `device` (`id`, `device_code`, `name`, `total`, `status`, `description`, `created_at`, `updated_at`, `is_deleted`) VALUES (1,'DEV-PROJ','投影仪',8,1,'基础演示投影设备。','2026-05-01 11:00:00','2026-05-18 09:00:00',0);
INSERT INTO `device` (`id`, `device_code`, `name`, `total`, `status`, `description`, `created_at`, `updated_at`, `is_deleted`) VALUES (2,'DEV-WHITEBOARD','白板',12,1,'移动白板和书写笔。','2026-05-01 11:05:00','2026-05-18 09:00:00',0);
INSERT INTO `device` (`id`, `device_code`, `name`, `total`, `status`, `description`, `created_at`, `updated_at`, `is_deleted`) VALUES (3,'DEV-VIDEO','视频会议终端',5,1,'远程会议摄像头和会议主机。','2026-05-01 11:10:00','2026-05-18 09:00:00',0);
INSERT INTO `device` (`id`, `device_code`, `name`, `total`, `status`, `description`, `created_at`, `updated_at`, `is_deleted`) VALUES (4,'DEV-MIC','无线麦克风',16,1,'多人会议无线麦克风。','2026-05-01 11:15:00','2026-05-18 09:00:00',0);
INSERT INTO `device` (`id`, `device_code`, `name`, `total`, `status`, `description`, `created_at`, `updated_at`, `is_deleted`) VALUES (5,'DEV-DISPLAY','互动屏',6,1,'触控显示屏，适合演示和评审。','2026-05-01 11:20:00','2026-05-18 09:00:00',0);
INSERT INTO `device` (`id`, `device_code`, `name`, `total`, `status`, `description`, `created_at`, `updated_at`, `is_deleted`) VALUES (6,'DEV-SPEAKER','会议音响',4,1,'大会议室扩声音响。','2026-05-01 11:25:00','2026-05-18 09:00:00',0);
INSERT INTO `device` (`id`, `device_code`, `name`, `total`, `status`, `description`, `created_at`, `updated_at`, `is_deleted`) VALUES (7,'DEV-CAMERA','跟拍摄像头',2,0,'停用设备，用于展示设备停用和告警场景。','2026-05-01 11:30:00','2026-05-18 09:00:00',0);
INSERT INTO `meeting_room` (`id`, `room_code`, `name`, `location`, `capacity`, `status`, `description`, `maintenance_remark`, `created_at`, `updated_at`, `is_deleted`) VALUES (1,'R-A101','A101 灵感会议室','1号楼 3F',6,1,'适合小组讨论、站会和一对一沟通。',NULL,'2026-05-01 10:00:00','2026-05-18 09:00:00',0);
INSERT INTO `meeting_room` (`id`, `room_code`, `name`, `location`, `capacity`, `status`, `description`, `maintenance_remark`, `created_at`, `updated_at`, `is_deleted`) VALUES (2,'R-A102','A102 洽谈室','1号楼 3F',8,1,'靠近前台，适合外部访客洽谈。',NULL,'2026-05-01 10:05:00','2026-05-18 09:00:00',0);
INSERT INTO `meeting_room` (`id`, `room_code`, `name`, `location`, `capacity`, `status`, `description`, `maintenance_remark`, `created_at`, `updated_at`, `is_deleted`) VALUES (3,'R-B201','B201 项目会议室','2号楼 5F',12,1,'项目组常用会议空间，配备基础演示设备。',NULL,'2026-05-01 10:10:00','2026-05-18 09:00:00',0);
INSERT INTO `meeting_room` (`id`, `room_code`, `name`, `location`, `capacity`, `status`, `description`, `maintenance_remark`, `created_at`, `updated_at`, `is_deleted`) VALUES (4,'R-B202','B202 远程视频会议室','2号楼 5F',14,1,'适合远程评审、线上客户演示和跨地协作。',NULL,'2026-05-01 10:15:00','2026-05-18 09:00:00',0);
INSERT INTO `meeting_room` (`id`, `room_code`, `name`, `location`, `capacity`, `status`, `description`, `maintenance_remark`, `created_at`, `updated_at`, `is_deleted`) VALUES (5,'R-C301','C301 董事会议室','3号楼 8F',24,1,'高规格大会议室，适合管理层会议和重要客户接待。',NULL,'2026-05-01 10:20:00','2026-05-18 09:00:00',0);
INSERT INTO `meeting_room` (`id`, `room_code`, `name`, `location`, `capacity`, `status`, `description`, `maintenance_remark`, `created_at`, `updated_at`, `is_deleted`) VALUES (6,'R-C302','C302 培训室','3号楼 8F',30,1,'适合培训、宣讲和跨部门活动。',NULL,'2026-05-01 10:25:00','2026-05-18 09:00:00',0);
INSERT INTO `meeting_room` (`id`, `room_code`, `name`, `location`, `capacity`, `status`, `description`, `maintenance_remark`, `created_at`, `updated_at`, `is_deleted`) VALUES (7,'R-D101','D101 临时协作区','4号楼 1F',10,2,'开放式协作空间，当前暂停预约。','投影线路检修，预计 2026-05-22 恢复。','2026-05-01 10:30:00','2026-05-18 09:00:00',0);
INSERT INTO `meeting_room` (`id`, `room_code`, `name`, `location`, `capacity`, `status`, `description`, `maintenance_remark`, `created_at`, `updated_at`, `is_deleted`) VALUES (8,'R-E401','E401 静音会议室','5号楼 4F',4,1,'适合电话会议、面试和短时安静沟通。',NULL,'2026-05-01 10:35:00','2026-05-18 09:00:00',0);
INSERT INTO `room_device` (`room_id`, `device_id`, `quantity`, `is_deleted`) VALUES (1,1,1,0);
INSERT INTO `room_device` (`room_id`, `device_id`, `quantity`, `is_deleted`) VALUES (1,2,1,0);
INSERT INTO `room_device` (`room_id`, `device_id`, `quantity`, `is_deleted`) VALUES (2,2,1,0);
INSERT INTO `room_device` (`room_id`, `device_id`, `quantity`, `is_deleted`) VALUES (2,5,1,0);
INSERT INTO `room_device` (`room_id`, `device_id`, `quantity`, `is_deleted`) VALUES (3,1,1,0);
INSERT INTO `room_device` (`room_id`, `device_id`, `quantity`, `is_deleted`) VALUES (3,2,1,0);
INSERT INTO `room_device` (`room_id`, `device_id`, `quantity`, `is_deleted`) VALUES (3,4,2,0);
INSERT INTO `room_device` (`room_id`, `device_id`, `quantity`, `is_deleted`) VALUES (4,3,1,0);
INSERT INTO `room_device` (`room_id`, `device_id`, `quantity`, `is_deleted`) VALUES (4,4,2,0);
INSERT INTO `room_device` (`room_id`, `device_id`, `quantity`, `is_deleted`) VALUES (4,5,1,0);
INSERT INTO `room_device` (`room_id`, `device_id`, `quantity`, `is_deleted`) VALUES (5,1,2,0);
INSERT INTO `room_device` (`room_id`, `device_id`, `quantity`, `is_deleted`) VALUES (5,3,1,0);
INSERT INTO `room_device` (`room_id`, `device_id`, `quantity`, `is_deleted`) VALUES (5,4,4,0);
INSERT INTO `room_device` (`room_id`, `device_id`, `quantity`, `is_deleted`) VALUES (5,6,1,0);
INSERT INTO `room_device` (`room_id`, `device_id`, `quantity`, `is_deleted`) VALUES (6,1,2,0);
INSERT INTO `room_device` (`room_id`, `device_id`, `quantity`, `is_deleted`) VALUES (6,2,2,0);
INSERT INTO `room_device` (`room_id`, `device_id`, `quantity`, `is_deleted`) VALUES (6,4,4,0);
INSERT INTO `room_device` (`room_id`, `device_id`, `quantity`, `is_deleted`) VALUES (6,6,1,0);
INSERT INTO `room_device` (`room_id`, `device_id`, `quantity`, `is_deleted`) VALUES (7,1,1,0);
INSERT INTO `room_device` (`room_id`, `device_id`, `quantity`, `is_deleted`) VALUES (7,7,1,0);
INSERT INTO `reservation` (`id`, `reservation_no`, `room_id`, `organizer_id`, `title`, `remark`, `attendees`, `start_time`, `end_time`, `status`, `cancel_reason`, `approval_remark`, `reject_reason`, `exception_reason`, `processed_by`, `processed_at`, `created_at`, `updated_at`, `is_deleted`) VALUES (1,'RSV202605130001',1,3,'上周项目复盘','复盘上周项目节奏和遗留风险。',4,'2026-05-13 10:00:00','2026-05-13 11:00:00',3,NULL,'历史数据：已通过',NULL,NULL,1,'2026-05-12 16:00:00','2026-05-12 15:30:00','2026-05-13 11:05:00',0);
INSERT INTO `reservation` (`id`, `reservation_no`, `room_id`, `organizer_id`, `title`, `remark`, `attendees`, `start_time`, `end_time`, `status`, `cancel_reason`, `approval_remark`, `reject_reason`, `exception_reason`, `processed_by`, `processed_at`, `created_at`, `updated_at`, `is_deleted`) VALUES (2,'RSV202605150001',3,2,'客户反馈同步','整理客户反馈并分配改进项。',5,'2026-05-15 14:00:00','2026-05-15 15:30:00',3,NULL,'历史数据：已通过',NULL,NULL,1,'2026-05-14 18:00:00','2026-05-14 17:20:00','2026-05-15 15:35:00',0);
INSERT INTO `reservation` (`id`, `reservation_no`, `room_id`, `organizer_id`, `title`, `remark`, `attendees`, `start_time`, `end_time`, `status`, `cancel_reason`, `approval_remark`, `reject_reason`, `exception_reason`, `processed_by`, `processed_at`, `created_at`, `updated_at`, `is_deleted`) VALUES (3,'RSV202605160001',2,3,'产品评审会','评审新预约流程和 AI 助手交互。',4,'2026-05-16 09:00:00','2026-05-16 10:00:00',3,NULL,'历史数据：已通过',NULL,NULL,1,'2026-05-15 18:00:00','2026-05-15 17:10:00','2026-05-16 10:05:00',0);
INSERT INTO `reservation` (`id`, `reservation_no`, `room_id`, `organizer_id`, `title`, `remark`, `attendees`, `start_time`, `end_time`, `status`, `cancel_reason`, `approval_remark`, `reject_reason`, `exception_reason`, `processed_by`, `processed_at`, `created_at`, `updated_at`, `is_deleted`) VALUES (4,'RSV202605170001',4,2,'上线复盘会','复盘上线过程和监控指标。',5,'2026-05-17 16:00:00','2026-05-17 17:00:00',3,NULL,'历史数据：已通过',NULL,NULL,1,'2026-05-16 17:00:00','2026-05-16 16:20:00','2026-05-17 17:05:00',0);
INSERT INTO `reservation` (`id`, `reservation_no`, `room_id`, `organizer_id`, `title`, `remark`, `attendees`, `start_time`, `end_time`, `status`, `cancel_reason`, `approval_remark`, `reject_reason`, `exception_reason`, `processed_by`, `processed_at`, `created_at`, `updated_at`, `is_deleted`) VALUES (5,'RSV202605180001',1,2,'今日站会','同步本日优先级。',3,'2026-05-18 09:00:00','2026-05-18 10:00:00',3,NULL,'已审核通过',NULL,NULL,1,'2026-05-18 08:00:00','2026-05-18 07:50:00','2026-05-18 13:40:00',0);
INSERT INTO `reservation` (`id`, `reservation_no`, `room_id`, `organizer_id`, `title`, `remark`, `attendees`, `start_time`, `end_time`, `status`, `cancel_reason`, `approval_remark`, `reject_reason`, `exception_reason`, `processed_by`, `processed_at`, `created_at`, `updated_at`, `is_deleted`) VALUES (6,'RSV202605180002',3,3,'架构评审','评审接口和数据库调度方案。',5,'2026-05-18 10:30:00','2026-05-18 11:30:00',3,NULL,'已审核通过',NULL,NULL,1,'2026-05-18 08:10:00','2026-05-18 08:05:00','2026-05-18 13:40:00',0);
INSERT INTO `reservation` (`id`, `reservation_no`, `room_id`, `organizer_id`, `title`, `remark`, `attendees`, `start_time`, `end_time`, `status`, `cancel_reason`, `approval_remark`, `reject_reason`, `exception_reason`, `processed_by`, `processed_at`, `created_at`, `updated_at`, `is_deleted`) VALUES (7,'RSV202605180003',5,1,'管理层例会','管理层周例会。',8,'2026-05-18 15:00:00','2026-05-18 16:00:00',2,NULL,'管理员自建会议',NULL,NULL,1,'2026-05-18 08:20:00','2026-05-18 08:15:00','2026-05-18 08:20:00',0);
INSERT INTO `reservation` (`id`, `reservation_no`, `room_id`, `organizer_id`, `title`, `remark`, `attendees`, `start_time`, `end_time`, `status`, `cancel_reason`, `approval_remark`, `reject_reason`, `exception_reason`, `processed_by`, `processed_at`, `created_at`, `updated_at`, `is_deleted`) VALUES (8,'RSV202605180004',2,2,'加急预算确认','等待管理员审核的当日待办。',4,'2026-05-18 17:00:00','2026-05-18 18:00:00',1,NULL,NULL,NULL,NULL,NULL,NULL,'2026-05-18 09:00:00','2026-05-18 09:00:00',0);
INSERT INTO `reservation` (`id`, `reservation_no`, `room_id`, `organizer_id`, `title`, `remark`, `attendees`, `start_time`, `end_time`, `status`, `cancel_reason`, `approval_remark`, `reject_reason`, `exception_reason`, `processed_by`, `processed_at`, `created_at`, `updated_at`, `is_deleted`) VALUES (9,'RSV202605190001',1,2,'明日销售例会','确认 5 月下旬销售策略。',5,'2026-05-19 09:00:00','2026-05-19 10:00:00',2,NULL,'已审核通过',NULL,NULL,1,'2026-05-18 10:00:00','2026-05-18 09:40:00','2026-05-18 10:00:00',0);
INSERT INTO `reservation` (`id`, `reservation_no`, `room_id`, `organizer_id`, `title`, `remark`, `attendees`, `start_time`, `end_time`, `status`, `cancel_reason`, `approval_remark`, `reject_reason`, `exception_reason`, `processed_by`, `processed_at`, `created_at`, `updated_at`, `is_deleted`) VALUES (10,'RSV202605190002',3,3,'明日产品同步','同步产品待办和风险。',4,'2026-05-19 10:00:00','2026-05-19 11:00:00',2,NULL,'已审核通过',NULL,NULL,1,'2026-05-18 10:10:00','2026-05-18 09:45:00','2026-05-18 10:10:00',0);
INSERT INTO `reservation` (`id`, `reservation_no`, `room_id`, `organizer_id`, `title`, `remark`, `attendees`, `start_time`, `end_time`, `status`, `cancel_reason`, `approval_remark`, `reject_reason`, `exception_reason`, `processed_by`, `processed_at`, `created_at`, `updated_at`, `is_deleted`) VALUES (11,'RSV202605190003',4,4,'远程客户演示','远程演示本周迭代成果。',6,'2026-05-19 09:00:00','2026-05-19 11:00:00',2,NULL,'已审核通过',NULL,NULL,1,'2026-05-18 10:20:00','2026-05-18 09:50:00','2026-05-18 10:20:00',0);
INSERT INTO `reservation` (`id`, `reservation_no`, `room_id`, `organizer_id`, `title`, `remark`, `attendees`, `start_time`, `end_time`, `status`, `cancel_reason`, `approval_remark`, `reject_reason`, `exception_reason`, `processed_by`, `processed_at`, `created_at`, `updated_at`, `is_deleted`) VALUES (12,'RSV202605190004',2,5,'采购合同初审','合同条款初审，待审核。',4,'2026-05-19 14:00:00','2026-05-19 15:00:00',1,NULL,NULL,NULL,NULL,NULL,NULL,'2026-05-18 10:30:00','2026-05-18 10:30:00',0);
INSERT INTO `reservation` (`id`, `reservation_no`, `room_id`, `organizer_id`, `title`, `remark`, `attendees`, `start_time`, `end_time`, `status`, `cancel_reason`, `approval_remark`, `reject_reason`, `exception_reason`, `processed_by`, `processed_at`, `created_at`, `updated_at`, `is_deleted`) VALUES (13,'RSV202605190005',1,2,'临时设计讨论','已因需求变更取消。',4,'2026-05-19 15:00:00','2026-05-19 16:00:00',4,'需求变更，讨论延期',NULL,NULL,NULL,NULL,NULL,'2026-05-18 10:40:00','2026-05-18 11:10:00',0);
INSERT INTO `reservation` (`id`, `reservation_no`, `room_id`, `organizer_id`, `title`, `remark`, `attendees`, `start_time`, `end_time`, `status`, `cancel_reason`, `approval_remark`, `reject_reason`, `exception_reason`, `processed_by`, `processed_at`, `created_at`, `updated_at`, `is_deleted`) VALUES (14,'RSV202605200001',1,2,'5月20日晨会','5 月 20 日重点工作同步。',4,'2026-05-20 09:00:00','2026-05-20 10:00:00',2,NULL,'已审核通过',NULL,NULL,1,'2026-05-18 11:00:00','2026-05-18 10:50:00','2026-05-18 11:00:00',0);
INSERT INTO `reservation` (`id`, `reservation_no`, `room_id`, `organizer_id`, `title`, `remark`, `attendees`, `start_time`, `end_time`, `status`, `cancel_reason`, `approval_remark`, `reject_reason`, `exception_reason`, `processed_by`, `processed_at`, `created_at`, `updated_at`, `is_deleted`) VALUES (15,'RSV202605200002',5,1,'战略委员会','5 月战略委员会例会。',12,'2026-05-20 09:30:00','2026-05-20 11:00:00',2,NULL,'管理员自建会议',NULL,NULL,1,'2026-05-18 11:10:00','2026-05-18 10:55:00','2026-05-18 11:10:00',0);
INSERT INTO `reservation` (`id`, `reservation_no`, `room_id`, `organizer_id`, `title`, `remark`, `attendees`, `start_time`, `end_time`, `status`, `cancel_reason`, `approval_remark`, `reject_reason`, `exception_reason`, `processed_by`, `processed_at`, `created_at`, `updated_at`, `is_deleted`) VALUES (16,'RSV202605200003',3,3,'数据看板评审','评审会议室运营看板。',5,'2026-05-20 11:00:00','2026-05-20 12:00:00',2,NULL,'已审核通过',NULL,NULL,1,'2026-05-18 11:20:00','2026-05-18 11:05:00','2026-05-18 11:20:00',0);
INSERT INTO `reservation` (`id`, `reservation_no`, `room_id`, `organizer_id`, `title`, `remark`, `attendees`, `start_time`, `end_time`, `status`, `cancel_reason`, `approval_remark`, `reject_reason`, `exception_reason`, `processed_by`, `processed_at`, `created_at`, `updated_at`, `is_deleted`) VALUES (17,'RSV202605200004',4,5,'供应商远程评审','远程评审供应商方案。',6,'2026-05-20 14:00:00','2026-05-20 15:00:00',2,NULL,'已审核通过',NULL,NULL,1,'2026-05-18 11:30:00','2026-05-18 11:10:00','2026-05-18 11:30:00',0);
INSERT INTO `reservation` (`id`, `reservation_no`, `room_id`, `organizer_id`, `title`, `remark`, `attendees`, `start_time`, `end_time`, `status`, `cancel_reason`, `approval_remark`, `reject_reason`, `exception_reason`, `processed_by`, `processed_at`, `created_at`, `updated_at`, `is_deleted`) VALUES (18,'RSV202605200005',2,4,'招聘面试安排','候选人二面，待审核。',4,'2026-05-20 15:30:00','2026-05-20 16:30:00',1,NULL,NULL,NULL,NULL,NULL,NULL,'2026-05-18 11:40:00','2026-05-18 11:40:00',0);
INSERT INTO `reservation` (`id`, `reservation_no`, `room_id`, `organizer_id`, `title`, `remark`, `attendees`, `start_time`, `end_time`, `status`, `cancel_reason`, `approval_remark`, `reject_reason`, `exception_reason`, `processed_by`, `processed_at`, `created_at`, `updated_at`, `is_deleted`) VALUES (19,'RSV202605200006',1,2,'预算追加申请','资料不完整，已驳回。',4,'2026-05-20 16:30:00','2026-05-20 17:30:00',5,NULL,NULL,'资料不完整，请补充预算明细后重新提交。',NULL,1,'2026-05-18 12:00:00','2026-05-18 11:45:00','2026-05-18 12:00:00',0);
INSERT INTO `reservation` (`id`, `reservation_no`, `room_id`, `organizer_id`, `title`, `remark`, `attendees`, `start_time`, `end_time`, `status`, `cancel_reason`, `approval_remark`, `reject_reason`, `exception_reason`, `processed_by`, `processed_at`, `created_at`, `updated_at`, `is_deleted`) VALUES (20,'RSV202605200007',6,6,'培训彩排','设备故障，已标记异常。',10,'2026-05-20 13:00:00','2026-05-20 14:00:00',6,NULL,'已审核通过',NULL,'培训室音响临时故障，需要人工处理。',1,'2026-05-18 12:10:00','2026-05-18 11:50:00','2026-05-18 12:10:00',0);
INSERT INTO `reservation` (`id`, `reservation_no`, `room_id`, `organizer_id`, `title`, `remark`, `attendees`, `start_time`, `end_time`, `status`, `cancel_reason`, `approval_remark`, `reject_reason`, `exception_reason`, `processed_by`, `processed_at`, `created_at`, `updated_at`, `is_deleted`) VALUES (21,'RSV202605200008',3,3,'临时沟通会','会议取消，作为取消状态样例。',4,'2026-05-20 18:00:00','2026-05-20 19:00:00',4,'会议目标已合并到晨会',NULL,NULL,NULL,NULL,NULL,'2026-05-18 12:20:00','2026-05-18 12:30:00',0);
INSERT INTO `reservation` (`id`, `reservation_no`, `room_id`, `organizer_id`, `title`, `remark`, `attendees`, `start_time`, `end_time`, `status`, `cancel_reason`, `approval_remark`, `reject_reason`, `exception_reason`, `processed_by`, `processed_at`, `created_at`, `updated_at`, `is_deleted`) VALUES (22,'RSV202605210001',2,2,'设计走查','走查新版预约页细节。',4,'2026-05-21 09:00:00','2026-05-21 10:00:00',2,NULL,'已审核通过',NULL,NULL,1,'2026-05-18 12:40:00','2026-05-18 12:35:00','2026-05-18 12:40:00',0);
INSERT INTO `reservation` (`id`, `reservation_no`, `room_id`, `organizer_id`, `title`, `remark`, `attendees`, `start_time`, `end_time`, `status`, `cancel_reason`, `approval_remark`, `reject_reason`, `exception_reason`, `processed_by`, `processed_at`, `created_at`, `updated_at`, `is_deleted`) VALUES (23,'RSV202605210002',3,3,'法务合同会','法务合同讨论，待审核。',5,'2026-05-21 10:00:00','2026-05-21 11:00:00',1,NULL,NULL,NULL,NULL,NULL,NULL,'2026-05-18 12:50:00','2026-05-18 12:50:00',0);
INSERT INTO `reservation` (`id`, `reservation_no`, `room_id`, `organizer_id`, `title`, `remark`, `attendees`, `start_time`, `end_time`, `status`, `cancel_reason`, `approval_remark`, `reject_reason`, `exception_reason`, `processed_by`, `processed_at`, `created_at`, `updated_at`, `is_deleted`) VALUES (24,'RSV202605220001',6,5,'部门培训','新流程培训。',18,'2026-05-22 09:00:00','2026-05-22 11:00:00',2,NULL,'已审核通过',NULL,NULL,1,'2026-05-18 13:00:00','2026-05-18 12:55:00','2026-05-18 13:00:00',0);
INSERT INTO `reservation` (`id`, `reservation_no`, `room_id`, `organizer_id`, `title`, `remark`, `attendees`, `start_time`, `end_time`, `status`, `cancel_reason`, `approval_remark`, `reject_reason`, `exception_reason`, `processed_by`, `processed_at`, `created_at`, `updated_at`, `is_deleted`) VALUES (25,'RSV202605220002',1,2,'项目风险会','识别 5 月下旬项目风险。',5,'2026-05-22 14:00:00','2026-05-22 15:00:00',2,NULL,'已审核通过',NULL,NULL,1,'2026-05-18 13:10:00','2026-05-18 13:05:00','2026-05-18 13:10:00',0);
INSERT INTO `reservation` (`id`, `reservation_no`, `room_id`, `organizer_id`, `title`, `remark`, `attendees`, `start_time`, `end_time`, `status`, `cancel_reason`, `approval_remark`, `reject_reason`, `exception_reason`, `processed_by`, `processed_at`, `created_at`, `updated_at`, `is_deleted`) VALUES (26,'RSV202605250001',3,2,'下周一项目启动','下周项目启动会。',6,'2026-05-25 09:00:00','2026-05-25 10:00:00',2,NULL,'已审核通过',NULL,NULL,1,'2026-05-18 13:20:00','2026-05-18 13:15:00','2026-05-18 13:20:00',0);
INSERT INTO `reservation` (`id`, `reservation_no`, `room_id`, `organizer_id`, `title`, `remark`, `attendees`, `start_time`, `end_time`, `status`, `cancel_reason`, `approval_remark`, `reject_reason`, `exception_reason`, `processed_by`, `processed_at`, `created_at`, `updated_at`, `is_deleted`) VALUES (27,'RSV202605260001',4,3,'下周客户周会','客户周会和进度同步。',6,'2026-05-26 10:00:00','2026-05-26 11:00:00',2,NULL,'已审核通过',NULL,NULL,1,'2026-05-18 13:30:00','2026-05-18 13:25:00','2026-05-18 13:30:00',0);
INSERT INTO `reservation` (`id`, `reservation_no`, `room_id`, `organizer_id`, `title`, `remark`, `attendees`, `start_time`, `end_time`, `status`, `cancel_reason`, `approval_remark`, `reject_reason`, `exception_reason`, `processed_by`, `processed_at`, `created_at`, `updated_at`, `is_deleted`) VALUES (28,'RSV202605260002',5,1,'下周管理评审','管理层阶段评审。',9,'2026-05-26 14:00:00','2026-05-26 15:00:00',2,NULL,'管理员自建会议',NULL,NULL,1,'2026-05-18 13:40:00','2026-05-18 13:35:00','2026-05-18 13:40:00',0);
INSERT INTO `reservation` (`id`, `reservation_no`, `room_id`, `organizer_id`, `title`, `remark`, `attendees`, `start_time`, `end_time`, `status`, `cancel_reason`, `approval_remark`, `reject_reason`, `exception_reason`, `processed_by`, `processed_at`, `created_at`, `updated_at`, `is_deleted`) VALUES (29,'RSV202605270001',1,2,'待审核周报会','下周周报会，待审核。',4,'2026-05-27 09:30:00','2026-05-27 10:30:00',1,NULL,NULL,NULL,NULL,NULL,NULL,'2026-05-18 13:50:00','2026-05-18 13:50:00',0);
INSERT INTO `reservation` (`id`, `reservation_no`, `room_id`, `organizer_id`, `title`, `remark`, `attendees`, `start_time`, `end_time`, `status`, `cancel_reason`, `approval_remark`, `reject_reason`, `exception_reason`, `processed_by`, `processed_at`, `created_at`, `updated_at`, `is_deleted`) VALUES (30,'RSV202605200009',2,6,'UX 用户访谈','用户访谈和问题归纳。',4,'2026-05-20 09:00:00','2026-05-20 11:00:00',2,NULL,'已审核通过',NULL,NULL,1,'2026-05-18 14:00:00','2026-05-18 13:55:00','2026-05-18 14:00:00',0);
INSERT INTO `reservation` (`id`, `reservation_no`, `room_id`, `organizer_id`, `title`, `remark`, `attendees`, `start_time`, `end_time`, `status`, `cancel_reason`, `approval_remark`, `reject_reason`, `exception_reason`, `processed_by`, `processed_at`, `created_at`, `updated_at`, `is_deleted`) VALUES (31,'RSV202605200010',1,5,'冲突审批样例','待审核，审批时会与 5月20日晨会 冲突。',4,'2026-05-20 09:30:00','2026-05-20 10:30:00',1,NULL,NULL,NULL,NULL,NULL,NULL,'2026-05-18 14:10:00','2026-05-18 14:10:00',0);
INSERT INTO `reservation_participant` (`reservation_id`, `user_id`, `created_at`, `is_deleted`) VALUES (1,2,'2026-05-12 15:31:00',0);
INSERT INTO `reservation_participant` (`reservation_id`, `user_id`, `created_at`, `is_deleted`) VALUES (1,4,'2026-05-12 15:31:00',0);
INSERT INTO `reservation_participant` (`reservation_id`, `user_id`, `created_at`, `is_deleted`) VALUES (2,3,'2026-05-14 17:21:00',0);
INSERT INTO `reservation_participant` (`reservation_id`, `user_id`, `created_at`, `is_deleted`) VALUES (2,5,'2026-05-14 17:21:00',0);
INSERT INTO `reservation_participant` (`reservation_id`, `user_id`, `created_at`, `is_deleted`) VALUES (3,2,'2026-05-15 17:11:00',0);
INSERT INTO `reservation_participant` (`reservation_id`, `user_id`, `created_at`, `is_deleted`) VALUES (3,5,'2026-05-15 17:11:00',0);
INSERT INTO `reservation_participant` (`reservation_id`, `user_id`, `created_at`, `is_deleted`) VALUES (4,4,'2026-05-16 16:21:00',0);
INSERT INTO `reservation_participant` (`reservation_id`, `user_id`, `created_at`, `is_deleted`) VALUES (4,5,'2026-05-16 16:21:00',0);
INSERT INTO `reservation_participant` (`reservation_id`, `user_id`, `created_at`, `is_deleted`) VALUES (5,3,'2026-05-18 07:51:00',0);
INSERT INTO `reservation_participant` (`reservation_id`, `user_id`, `created_at`, `is_deleted`) VALUES (6,2,'2026-05-18 08:06:00',0);
INSERT INTO `reservation_participant` (`reservation_id`, `user_id`, `created_at`, `is_deleted`) VALUES (6,4,'2026-05-18 08:06:00',0);
INSERT INTO `reservation_participant` (`reservation_id`, `user_id`, `created_at`, `is_deleted`) VALUES (7,2,'2026-05-18 08:16:00',0);
INSERT INTO `reservation_participant` (`reservation_id`, `user_id`, `created_at`, `is_deleted`) VALUES (7,3,'2026-05-18 08:16:00',0);
INSERT INTO `reservation_participant` (`reservation_id`, `user_id`, `created_at`, `is_deleted`) VALUES (7,4,'2026-05-18 08:16:00',0);
INSERT INTO `reservation_participant` (`reservation_id`, `user_id`, `created_at`, `is_deleted`) VALUES (8,1,'2026-05-18 09:01:00',0);
INSERT INTO `reservation_participant` (`reservation_id`, `user_id`, `created_at`, `is_deleted`) VALUES (9,3,'2026-05-18 09:41:00',0);
INSERT INTO `reservation_participant` (`reservation_id`, `user_id`, `created_at`, `is_deleted`) VALUES (9,4,'2026-05-18 09:41:00',0);
INSERT INTO `reservation_participant` (`reservation_id`, `user_id`, `created_at`, `is_deleted`) VALUES (10,2,'2026-05-18 09:46:00',0);
INSERT INTO `reservation_participant` (`reservation_id`, `user_id`, `created_at`, `is_deleted`) VALUES (10,4,'2026-05-18 09:46:00',0);
INSERT INTO `reservation_participant` (`reservation_id`, `user_id`, `created_at`, `is_deleted`) VALUES (11,2,'2026-05-18 09:51:00',0);
INSERT INTO `reservation_participant` (`reservation_id`, `user_id`, `created_at`, `is_deleted`) VALUES (11,3,'2026-05-18 09:51:00',0);
INSERT INTO `reservation_participant` (`reservation_id`, `user_id`, `created_at`, `is_deleted`) VALUES (11,5,'2026-05-18 09:51:00',0);
INSERT INTO `reservation_participant` (`reservation_id`, `user_id`, `created_at`, `is_deleted`) VALUES (12,2,'2026-05-18 10:31:00',0);
INSERT INTO `reservation_participant` (`reservation_id`, `user_id`, `created_at`, `is_deleted`) VALUES (13,3,'2026-05-18 10:41:00',0);
INSERT INTO `reservation_participant` (`reservation_id`, `user_id`, `created_at`, `is_deleted`) VALUES (14,3,'2026-05-18 10:51:00',0);
INSERT INTO `reservation_participant` (`reservation_id`, `user_id`, `created_at`, `is_deleted`) VALUES (14,4,'2026-05-18 10:51:00',0);
INSERT INTO `reservation_participant` (`reservation_id`, `user_id`, `created_at`, `is_deleted`) VALUES (15,2,'2026-05-18 10:56:00',0);
INSERT INTO `reservation_participant` (`reservation_id`, `user_id`, `created_at`, `is_deleted`) VALUES (15,3,'2026-05-18 10:56:00',0);
INSERT INTO `reservation_participant` (`reservation_id`, `user_id`, `created_at`, `is_deleted`) VALUES (15,4,'2026-05-18 10:56:00',0);
INSERT INTO `reservation_participant` (`reservation_id`, `user_id`, `created_at`, `is_deleted`) VALUES (15,5,'2026-05-18 10:56:00',0);
INSERT INTO `reservation_participant` (`reservation_id`, `user_id`, `created_at`, `is_deleted`) VALUES (15,6,'2026-05-18 10:56:00',0);
INSERT INTO `reservation_participant` (`reservation_id`, `user_id`, `created_at`, `is_deleted`) VALUES (16,2,'2026-05-18 11:06:00',0);
INSERT INTO `reservation_participant` (`reservation_id`, `user_id`, `created_at`, `is_deleted`) VALUES (16,4,'2026-05-18 11:06:00',0);
INSERT INTO `reservation_participant` (`reservation_id`, `user_id`, `created_at`, `is_deleted`) VALUES (17,2,'2026-05-18 11:11:00',0);
INSERT INTO `reservation_participant` (`reservation_id`, `user_id`, `created_at`, `is_deleted`) VALUES (17,3,'2026-05-18 11:11:00',0);
INSERT INTO `reservation_participant` (`reservation_id`, `user_id`, `created_at`, `is_deleted`) VALUES (18,2,'2026-05-18 11:41:00',0);
INSERT INTO `reservation_participant` (`reservation_id`, `user_id`, `created_at`, `is_deleted`) VALUES (19,3,'2026-05-18 11:46:00',0);
INSERT INTO `reservation_participant` (`reservation_id`, `user_id`, `created_at`, `is_deleted`) VALUES (20,2,'2026-05-18 11:51:00',0);
INSERT INTO `reservation_participant` (`reservation_id`, `user_id`, `created_at`, `is_deleted`) VALUES (20,3,'2026-05-18 11:51:00',0);
INSERT INTO `reservation_participant` (`reservation_id`, `user_id`, `created_at`, `is_deleted`) VALUES (21,2,'2026-05-18 12:21:00',0);
INSERT INTO `reservation_participant` (`reservation_id`, `user_id`, `created_at`, `is_deleted`) VALUES (22,6,'2026-05-18 12:36:00',0);
INSERT INTO `reservation_participant` (`reservation_id`, `user_id`, `created_at`, `is_deleted`) VALUES (23,2,'2026-05-18 12:51:00',0);
INSERT INTO `reservation_participant` (`reservation_id`, `user_id`, `created_at`, `is_deleted`) VALUES (23,5,'2026-05-18 12:51:00',0);
INSERT INTO `reservation_participant` (`reservation_id`, `user_id`, `created_at`, `is_deleted`) VALUES (24,2,'2026-05-18 12:56:00',0);
INSERT INTO `reservation_participant` (`reservation_id`, `user_id`, `created_at`, `is_deleted`) VALUES (24,3,'2026-05-18 12:56:00',0);
INSERT INTO `reservation_participant` (`reservation_id`, `user_id`, `created_at`, `is_deleted`) VALUES (24,4,'2026-05-18 12:56:00',0);
INSERT INTO `reservation_participant` (`reservation_id`, `user_id`, `created_at`, `is_deleted`) VALUES (24,6,'2026-05-18 12:56:00',0);
INSERT INTO `reservation_participant` (`reservation_id`, `user_id`, `created_at`, `is_deleted`) VALUES (25,3,'2026-05-18 13:06:00',0);
INSERT INTO `reservation_participant` (`reservation_id`, `user_id`, `created_at`, `is_deleted`) VALUES (25,4,'2026-05-18 13:06:00',0);
INSERT INTO `reservation_participant` (`reservation_id`, `user_id`, `created_at`, `is_deleted`) VALUES (26,3,'2026-05-18 13:16:00',0);
INSERT INTO `reservation_participant` (`reservation_id`, `user_id`, `created_at`, `is_deleted`) VALUES (26,4,'2026-05-18 13:16:00',0);
INSERT INTO `reservation_participant` (`reservation_id`, `user_id`, `created_at`, `is_deleted`) VALUES (27,2,'2026-05-18 13:26:00',0);
INSERT INTO `reservation_participant` (`reservation_id`, `user_id`, `created_at`, `is_deleted`) VALUES (27,5,'2026-05-18 13:26:00',0);
INSERT INTO `reservation_participant` (`reservation_id`, `user_id`, `created_at`, `is_deleted`) VALUES (28,2,'2026-05-18 13:36:00',0);
INSERT INTO `reservation_participant` (`reservation_id`, `user_id`, `created_at`, `is_deleted`) VALUES (28,3,'2026-05-18 13:36:00',0);
INSERT INTO `reservation_participant` (`reservation_id`, `user_id`, `created_at`, `is_deleted`) VALUES (29,3,'2026-05-18 13:51:00',0);
INSERT INTO `reservation_participant` (`reservation_id`, `user_id`, `created_at`, `is_deleted`) VALUES (30,3,'2026-05-18 13:56:00',0);
INSERT INTO `reservation_participant` (`reservation_id`, `user_id`, `created_at`, `is_deleted`) VALUES (30,4,'2026-05-18 13:56:00',0);
INSERT INTO `reservation_participant` (`reservation_id`, `user_id`, `created_at`, `is_deleted`) VALUES (31,2,'2026-05-18 14:11:00',0);
INSERT INTO `reservation_device` (`reservation_id`, `device_id`, `quantity`, `is_deleted`) VALUES (1,2,1,0);
INSERT INTO `reservation_device` (`reservation_id`, `device_id`, `quantity`, `is_deleted`) VALUES (2,1,1,0);
INSERT INTO `reservation_device` (`reservation_id`, `device_id`, `quantity`, `is_deleted`) VALUES (2,2,1,0);
INSERT INTO `reservation_device` (`reservation_id`, `device_id`, `quantity`, `is_deleted`) VALUES (3,5,1,0);
INSERT INTO `reservation_device` (`reservation_id`, `device_id`, `quantity`, `is_deleted`) VALUES (4,3,1,0);
INSERT INTO `reservation_device` (`reservation_id`, `device_id`, `quantity`, `is_deleted`) VALUES (4,4,2,0);
INSERT INTO `reservation_device` (`reservation_id`, `device_id`, `quantity`, `is_deleted`) VALUES (5,2,1,0);
INSERT INTO `reservation_device` (`reservation_id`, `device_id`, `quantity`, `is_deleted`) VALUES (6,1,1,0);
INSERT INTO `reservation_device` (`reservation_id`, `device_id`, `quantity`, `is_deleted`) VALUES (6,4,1,0);
INSERT INTO `reservation_device` (`reservation_id`, `device_id`, `quantity`, `is_deleted`) VALUES (7,3,1,0);
INSERT INTO `reservation_device` (`reservation_id`, `device_id`, `quantity`, `is_deleted`) VALUES (7,4,2,0);
INSERT INTO `reservation_device` (`reservation_id`, `device_id`, `quantity`, `is_deleted`) VALUES (9,1,1,0);
INSERT INTO `reservation_device` (`reservation_id`, `device_id`, `quantity`, `is_deleted`) VALUES (9,2,1,0);
INSERT INTO `reservation_device` (`reservation_id`, `device_id`, `quantity`, `is_deleted`) VALUES (10,1,1,0);
INSERT INTO `reservation_device` (`reservation_id`, `device_id`, `quantity`, `is_deleted`) VALUES (11,3,1,0);
INSERT INTO `reservation_device` (`reservation_id`, `device_id`, `quantity`, `is_deleted`) VALUES (11,4,2,0);
INSERT INTO `reservation_device` (`reservation_id`, `device_id`, `quantity`, `is_deleted`) VALUES (11,5,1,0);
INSERT INTO `reservation_device` (`reservation_id`, `device_id`, `quantity`, `is_deleted`) VALUES (14,1,1,0);
INSERT INTO `reservation_device` (`reservation_id`, `device_id`, `quantity`, `is_deleted`) VALUES (14,2,1,0);
INSERT INTO `reservation_device` (`reservation_id`, `device_id`, `quantity`, `is_deleted`) VALUES (15,3,1,0);
INSERT INTO `reservation_device` (`reservation_id`, `device_id`, `quantity`, `is_deleted`) VALUES (15,4,3,0);
INSERT INTO `reservation_device` (`reservation_id`, `device_id`, `quantity`, `is_deleted`) VALUES (15,6,1,0);
INSERT INTO `reservation_device` (`reservation_id`, `device_id`, `quantity`, `is_deleted`) VALUES (16,1,1,0);
INSERT INTO `reservation_device` (`reservation_id`, `device_id`, `quantity`, `is_deleted`) VALUES (16,2,1,0);
INSERT INTO `reservation_device` (`reservation_id`, `device_id`, `quantity`, `is_deleted`) VALUES (17,3,1,0);
INSERT INTO `reservation_device` (`reservation_id`, `device_id`, `quantity`, `is_deleted`) VALUES (17,5,1,0);
INSERT INTO `reservation_device` (`reservation_id`, `device_id`, `quantity`, `is_deleted`) VALUES (20,1,1,0);
INSERT INTO `reservation_device` (`reservation_id`, `device_id`, `quantity`, `is_deleted`) VALUES (20,4,2,0);
INSERT INTO `reservation_device` (`reservation_id`, `device_id`, `quantity`, `is_deleted`) VALUES (20,6,1,0);
INSERT INTO `reservation_device` (`reservation_id`, `device_id`, `quantity`, `is_deleted`) VALUES (24,1,2,0);
INSERT INTO `reservation_device` (`reservation_id`, `device_id`, `quantity`, `is_deleted`) VALUES (24,2,2,0);
INSERT INTO `reservation_device` (`reservation_id`, `device_id`, `quantity`, `is_deleted`) VALUES (24,4,4,0);
INSERT INTO `reservation_device` (`reservation_id`, `device_id`, `quantity`, `is_deleted`) VALUES (25,1,1,0);
INSERT INTO `reservation_device` (`reservation_id`, `device_id`, `quantity`, `is_deleted`) VALUES (26,1,1,0);
INSERT INTO `reservation_device` (`reservation_id`, `device_id`, `quantity`, `is_deleted`) VALUES (26,4,1,0);
INSERT INTO `reservation_device` (`reservation_id`, `device_id`, `quantity`, `is_deleted`) VALUES (27,3,1,0);
INSERT INTO `reservation_device` (`reservation_id`, `device_id`, `quantity`, `is_deleted`) VALUES (28,3,1,0);
INSERT INTO `reservation_device` (`reservation_id`, `device_id`, `quantity`, `is_deleted`) VALUES (28,6,1,0);
INSERT INTO `reservation_device` (`reservation_id`, `device_id`, `quantity`, `is_deleted`) VALUES (30,2,1,0);
INSERT INTO `reservation_device` (`reservation_id`, `device_id`, `quantity`, `is_deleted`) VALUES (30,5,1,0);
INSERT INTO `reservation_device` (`reservation_id`, `device_id`, `quantity`, `is_deleted`) VALUES (31,1,1,0);
INSERT INTO `reservation_review` (`id`, `reservation_id`, `user_id`, `rating`, `content`, `created_at`, `updated_at`, `is_deleted`) VALUES (1,1,2,4,'复盘节奏清楚，后续风险项明确。','2026-05-13 12:00:00','2026-05-13 12:00:00',0);
INSERT INTO `reservation_review` (`id`, `reservation_id`, `user_id`, `rating`, `content`, `created_at`, `updated_at`, `is_deleted`) VALUES (2,3,2,5,'产品评审资料准备充分。','2026-05-16 10:30:00','2026-05-16 10:30:00',0);
INSERT INTO `reservation_review` (`id`, `reservation_id`, `user_id`, `rating`, `content`, `created_at`, `updated_at`, `is_deleted`) VALUES (3,4,4,4,'上线复盘结论明确。','2026-05-17 18:00:00','2026-05-17 18:00:00',0);
INSERT INTO `reservation_review` (`id`, `reservation_id`, `user_id`, `rating`, `content`, `created_at`, `updated_at`, `is_deleted`) VALUES (4,2,3,5,'客户反馈同步效率很高。','2026-05-15 16:00:00','2026-05-15 16:00:00',0);
INSERT INTO `notification` (`id`, `user_id`, `category`, `title`, `content`, `read_flag`, `route`, `route_query`, `extra`, `status`, `created_at`, `read_at`, `is_deleted`) VALUES (1,2,1,'明日会议提醒','你明天 09:00 有“明日销售例会”，会议室 A101 灵感会议室。',0,'/reservations/index','{\"reservationId\":9,\"status\":\"ACTIVE\"}',NULL,'primary','2026-05-18 08:00:00',NULL,0);
INSERT INTO `notification` (`id`, `user_id`, `category`, `title`, `content`, `read_flag`, `route`, `route_query`, `extra`, `status`, `created_at`, `read_at`, `is_deleted`) VALUES (2,2,3,'会后待评价','会议“客户反馈同步”已结束，请及时完成评价。',0,'/reservations/index','{\"reservationId\":2,\"status\":\"ENDED\"}',NULL,'primary','2026-05-18 08:05:00',NULL,0);
INSERT INTO `notification` (`id`, `user_id`, `category`, `title`, `content`, `read_flag`, `route`, `route_query`, `extra`, `status`, `created_at`, `read_at`, `is_deleted`) VALUES (3,2,3,'会后待评价','会议“上线复盘会”已结束，请及时完成评价。',0,'/reservations/index','{\"reservationId\":4,\"status\":\"ENDED\"}',NULL,'primary','2026-05-18 08:06:00',NULL,0);
INSERT INTO `notification` (`id`, `user_id`, `category`, `title`, `content`, `read_flag`, `route`, `route_query`, `extra`, `status`, `created_at`, `read_at`, `is_deleted`) VALUES (4,2,2,'预约已驳回','会议“预算追加申请”已驳回，原因：资料不完整，请补充预算明细后重新提交。',0,'/reservations/index','{\"reservationId\":19,\"status\":\"REJECTED\"}',NULL,'warning','2026-05-18 12:00:00',NULL,0);
INSERT INTO `notification` (`id`, `user_id`, `category`, `title`, `content`, `read_flag`, `route`, `route_query`, `extra`, `status`, `created_at`, `read_at`, `is_deleted`) VALUES (5,2,2,'会议异常','会议“培训彩排”已被标记为异常，原因：培训室音响临时故障，需要人工处理。',0,'/reservations/index','{\"reservationId\":20,\"status\":\"EXCEPTION\"}',NULL,'danger','2026-05-18 12:10:00',NULL,0);
INSERT INTO `notification` (`id`, `user_id`, `category`, `title`, `content`, `read_flag`, `route`, `route_query`, `extra`, `status`, `created_at`, `read_at`, `is_deleted`) VALUES (6,2,1,'系统公告','会议室与预约演示数据已更新为 2026 年 5 月 20 日前后。',0,NULL,NULL,'系统公告','primary','2026-05-18 12:30:00',NULL,0);
INSERT INTO `notification` (`id`, `user_id`, `category`, `title`, `content`, `read_flag`, `route`, `route_query`, `extra`, `status`, `created_at`, `read_at`, `is_deleted`) VALUES (7,2,2,'预约已取消','会议“临时设计讨论”已取消，原因：需求变更，讨论延期。',1,'/reservations/index','{\"reservationId\":13,\"status\":\"CANCELLED\"}',NULL,'warning','2026-05-18 11:10:00','2026-05-18 12:00:00',0);
INSERT INTO `notification` (`id`, `user_id`, `category`, `title`, `content`, `read_flag`, `route`, `route_query`, `extra`, `status`, `created_at`, `read_at`, `is_deleted`) VALUES (8,1,3,'待审核预约','张三提交了“加急预算确认”，请及时审核。',0,'/admin/reservations/index','{\"reservationId\":8,\"status\":\"PENDING\"}',NULL,'primary','2026-05-18 09:05:00',NULL,0);
INSERT INTO `notification` (`id`, `user_id`, `category`, `title`, `content`, `read_flag`, `route`, `route_query`, `extra`, `status`, `created_at`, `read_at`, `is_deleted`) VALUES (9,1,3,'待审核预约','王五提交了“招聘面试安排”，请及时审核。',0,'/admin/reservations/index','{\"reservationId\":18,\"status\":\"PENDING\"}',NULL,'primary','2026-05-18 11:45:00',NULL,0);
INSERT INTO `notification` (`id`, `user_id`, `category`, `title`, `content`, `read_flag`, `route`, `route_query`, `extra`, `status`, `created_at`, `read_at`, `is_deleted`) VALUES (10,1,1,'维护通知','D101 临时协作区正在投影线路检修，预计 2026-05-22 恢复。',0,NULL,NULL,'维护通知','warning','2026-05-18 09:30:00',NULL,0);
INSERT INTO `notification` (`id`, `user_id`, `category`, `title`, `content`, `read_flag`, `route`, `route_query`, `extra`, `status`, `created_at`, `read_at`, `is_deleted`) VALUES (11,3,2,'会议邀请','你被邀请参加“5月20日晨会”。',0,'/reservations/index','{\"reservationId\":14,\"status\":\"ACTIVE\"}',NULL,'info','2026-05-18 11:05:00',NULL,0);
INSERT INTO `notification` (`id`, `user_id`, `category`, `title`, `content`, `read_flag`, `route`, `route_query`, `extra`, `status`, `created_at`, `read_at`, `is_deleted`) VALUES (12,4,2,'会议邀请','你被邀请参加“战略委员会”。',0,'/reservations/index','{\"reservationId\":15,\"status\":\"ACTIVE\"}',NULL,'info','2026-05-18 11:15:00',NULL,0);
INSERT INTO `notification` (`id`, `user_id`, `category`, `title`, `content`, `read_flag`, `route`, `route_query`, `extra`, `status`, `created_at`, `read_at`, `is_deleted`) VALUES (13,5,1,'预约审核通过','会议“供应商远程评审”已审核通过。',0,'/reservations/index','{\"reservationId\":17,\"status\":\"ACTIVE\"}',NULL,'success','2026-05-18 11:35:00',NULL,0);
INSERT INTO `notification` (`id`, `user_id`, `category`, `title`, `content`, `read_flag`, `route`, `route_query`, `extra`, `status`, `created_at`, `read_at`, `is_deleted`) VALUES (14,6,1,'培训提醒','你组织的“部门培训”将在 2026-05-22 09:00 开始。',0,'/reservations/index','{\"reservationId\":24,\"status\":\"ACTIVE\"}',NULL,'primary','2026-05-18 13:05:00',NULL,0);
INSERT INTO `notification` (`id`, `user_id`, `category`, `title`, `content`, `read_flag`, `route`, `route_query`, `extra`, `status`, `created_at`, `read_at`, `is_deleted`) VALUES (15,3,3,'会后待评价','会议“客户反馈同步”已结束，请及时完成评价。',0,'/reservations/index','{\"reservationId\":2,\"status\":\"ENDED\"}',NULL,'primary','2026-05-18 08:07:00',NULL,0);
INSERT INTO `notification` (`id`, `user_id`, `category`, `title`, `content`, `read_flag`, `route`, `route_query`, `extra`, `status`, `created_at`, `read_at`, `is_deleted`) VALUES (16,4,2,'紧急会议调配提醒','如有更高优先级紧急会议，系统会在调配后通过此入口通知你。',0,'/reservations/index','{\"reservationId\":15,\"status\":\"ACTIVE\"}','紧急会议','warning','2026-05-18 13:15:00',NULL,0);
INSERT INTO `notification` (`id`, `user_id`, `category`, `title`, `content`, `read_flag`, `route`, `route_query`, `extra`, `status`, `created_at`, `read_at`, `is_deleted`) VALUES (17,2,3,'会后待评价','会议《今日站会》已结束，请及时完成评价。',0,'/reservations/index','{\"reservationId\":5,\"status\":\"ENDED\"}',NULL,'primary','2026-05-18 13:40:00',NULL,0);
INSERT INTO `notification` (`id`, `user_id`, `category`, `title`, `content`, `read_flag`, `route`, `route_query`, `extra`, `status`, `created_at`, `read_at`, `is_deleted`) VALUES (18,3,3,'会后待评价','会议《架构评审》已结束，请及时完成评价。',0,'/reservations/index','{\"reservationId\":6,\"status\":\"ENDED\"}',NULL,'primary','2026-05-18 13:40:00',NULL,0);
INSERT INTO `notification` (`id`, `user_id`, `category`, `title`, `content`, `read_flag`, `route`, `route_query`, `extra`, `status`, `created_at`, `read_at`, `is_deleted`) VALUES (19,3,3,'会后待评价','会议《今日站会》已结束，请及时完成评价。',0,'/reservations/index','{\"reservationId\":5,\"status\":\"ENDED\"}',NULL,'primary','2026-05-18 13:40:00',NULL,0);
INSERT INTO `notification` (`id`, `user_id`, `category`, `title`, `content`, `read_flag`, `route`, `route_query`, `extra`, `status`, `created_at`, `read_at`, `is_deleted`) VALUES (20,2,3,'会后待评价','会议《架构评审》已结束，请及时完成评价。',0,'/reservations/index','{\"reservationId\":6,\"status\":\"ENDED\"}',NULL,'primary','2026-05-18 13:40:01',NULL,0);
INSERT INTO `notification` (`id`, `user_id`, `category`, `title`, `content`, `read_flag`, `route`, `route_query`, `extra`, `status`, `created_at`, `read_at`, `is_deleted`) VALUES (21,4,3,'会后待评价','会议《架构评审》已结束，请及时完成评价。',0,'/reservations/index','{\"reservationId\":6,\"status\":\"ENDED\"}',NULL,'primary','2026-05-18 13:40:01',NULL,0);
